98239358-7c7c-42a4-8042-33a84d40e45b,Account_1,2021-05-13T11:47:17.463Z,336696.25459944416,1001
e57482e4-5136-4ce6-9e0e-ed05ecdf9fdb,Account_6,2021-05-13T11:47:17.464Z,98632.70261156709,1006
d375cb4d-6fba-4892-a395-aed01b2c74bd,Account_8,2021-05-13T11:47:17.464Z,772.0,1008
639c9d92-d24f-4193-9099-257fcd773c79,Account_4,2021-05-13T11:47:17.464Z,280111.68352350936,1004
56702b2e-4a67-4fbc-b90f-a177ce21a437,Account_7,2021-05-13T11:47:17.464Z,0.645680442568846,1007
a7674132-f472-4e3c-ab2e-5dd79d6b2b5b,Account_9,2021-05-13T11:47:17.464Z,1473474.8729122896,1009
d71d160d-52a6-49ec-85ce-1bcfa69dce12,Account_0,2021-05-13T11:47:17.463Z,296391.4551400548,1000
840a4de2-c8e3-48ba-bfcf-aeda67af88fe,Account_5,2021-05-13T11:47:17.464Z,981565.5358849177,1005
7c854baa-6241-4b18-a0f2-95ca4850cc40,Account_3,2021-05-13T11:47:17.464Z,664959.519789241,1003
ae7ec14f-57ac-4c54-9a29-b87477b8231f,Account_2,2021-05-13T11:47:17.464Z,177724.00859833637,1002
